# run against http://127.0.0.1:3140, 2026-10-01T02:30:46Z
# program EAkwPsUMwyKivN6KGkLAMUDMaZM929QiR9o7X3Z342tR 72d5cdc05004a9502be72239829071982237638b49b8fe7d1b45fd7371a425f4
# creator 6iArKUXxhUJqS7kCaPNhwMWt3ro71PDyBj7jwAyE2VQV payer 7wHg9sbJwc6h3NP1S9bekfAzB8CHifEcxKswCKUt3YQo beneficiary 7jEbM6XteYUddjFhNG27Nmj1CJW9mx4yoeP5dncNXbXT authority2 B2yRJWMdsAfX6qQuxsnWcmNc62WrfU8oXnFq331K6YWo second CQhGA6cJNU1ikmGsy4HZjWvEqANdU7iaK93XrqqCTX8Y refund Fy6yDDcT2bFUBPps5wWvZZbqGFkZD828ZYkGMriPGLMX dest FTgPy9Ht2k538miATaUv7R8wfaAuEn8mDXbcNZYUQ58g private 5n3CD2U2sknM7PtXnuv1SQsFwEoGL4fwWxZdh6Hg5r2G Ess7jjVhFBuDfQisRex7QjcvDNKyaYiRUj37N7NWeHQu
create-linear	applied	applied	35	fb9f0be66fa9796e59947a32a64e43c4612836924938430108933bda16ea32db
# check ok: linear escrow funded exactly = 600
claim-overclaim	refused	reverted	41	6c2165dc589017223aa4faef8fad7787d19a603bccdc80ad151ed51cb5db4e21
claim-by-creator	refused	reverted	47	2be66f61e8494b9ed0e60b5d2eb2be12321cdd49cd2345899f90950fd1575adb
# check ok: escrow untouched by refusals = 600
claim-linear	applied	applied	53	337329424b9680c2cb28e9a6eccc1d412814a692301b70ddc59825b4bfe80e57
# check ok: claimed equals floor(600*(t-start)/(end-start)) at the claim's time = 29
# check ok: destination received the claim = 29
create-duplicate	refused	reverted	59	122212121c646979fd52a90dc090a2110629f0dde5dd91512b5d3473673fc382
# check ok: duplicate took no second funding = 571
create-cancelable	applied	applied	65	dcab554a7199d573103edf89293900d5a51d0c7efa4eda35129a64b166922cb3
cancel-wrong-refund	refused	reverted	71	c286186b73b5bd0f6f70933f77b5b01aa7e30afb821a770823d82f19f92cda01
cancel-by-beneficiary	refused	reverted	77	e7ef06b298282711abff5c39b2af0f4cf0f08d7dd6d3a464b096fcfe656c7852
cancel	applied	applied	83	21f75cb7abc6ef4c276358cd79fbbcc310aafba0a6a37b279f4fc3538ebc89dc
# check ok: refund is exactly the unvested part = 571
# check ok: vested part stays in escrow = 29
cancel-again	refused	reverted	89	57b02e4c05624a32e369fb387fbb8529b3fac8ff8ea2dc42095b0400571d18d2
claim-after-cancel	applied	applied	95	c2fbbb2536593e824620afe7ac50d9a5ef396c51b66b15a3ec62231bbde70058
# check ok: escrow empty after the vested part is claimed = 0
# check ok: token supply minted = 1000000
# token definition EWzXgwQUQW1VuQ3CGAs2ZJSuscvc5wfieDSAB3GMhg1U supply 6iArKUXxhUJqS7kCaPNhwMWt3ro71PDyBj7jwAyE2VQV
create-token	applied	applied	107	15fba4b3d308d0e51adf1d2669d1c5dd95adfb59086c4dedb47ac926fcf3de3f
# check ok: token escrow funded exactly = 100000
claim-token	applied	applied	113	f95c6011e4bdc79ad43269c53858edec8002258db0aac1361af26a6ed8b4db91
# check ok: beneficiary token holding equals claimed = 4999
cancel-token	applied	applied	119	517ca50aff545ec880a7fa461129b664c5733dd6c6feb122dc305f324fc4ce8a
# check ok: token refund plus escrow plus claimed is the total = 100000
create-milestones	applied	applied	125	0e15585f95b026291578263582ab6bf0649aa743aeb4a0a88628cdaf61655e32
signal-by-creator	refused	reverted	132	a9c84d70206406b0705c4501ca7a11491d24bdd8f1f1bba28cec9e7404fc186a
signal-0	applied	applied	138	5d47b81ebcc65326600ead6c3d6a73439fb8c6ee987134220037a3d2583e1247
signal-0-again	refused	reverted	144	4447f2293a10162086465297997a200d1217c58c5bcc2402e2cd39a1a4652000
signal-2	applied	applied	150	aee4978190dd1da24242dbd97788636b04e11017ef0f31b2ba6a00a6f43536ee
claim-milestones	applied	applied	156	f0d4c54f78bd7c2e4d14eca820f873c35c9f3de847e3fb80e7c8f1d2939a8038
# check ok: two of four tranches paid = 500
create-transferable	applied	applied	162	f9b74908bf0518773bd7d8402ef5ae8de63a26dd2ea1cf0ea887c5eb71643356
transfer-by-creator	refused	reverted	168	8ea4ad8dbf02fb55c68d12d9ce0357d78fe04dad5e674e242b15f1a5005f4b82
transfer	applied	applied	174	cea858b66b9d01e1738391b4706a052994407b03ad563438f801c4e2acd4a798
claim-by-old-holder	refused	reverted	180	b5edb8753270c03cae58ee2be57aebc1cf2f2836ae8a2067739aed2dae890285
claim-by-new-holder	applied	applied	186	29b7a3e97cd073148747248886d4815e2694fc351f870ebe2bbea8cdd4d414c8
# check ok: new holder received the whole position = 300
create-for-nc	applied	applied	192	12988b80eb40b0b774ee4e14546f379e18889f444234e771ad7667615c9c7c9c
nc-by-beneficiary	refused	reverted	198	87cc4f7a50fffd83f915dbeaa86404b673b85a7c8bde4e75c65d62b799ed124b
make-non-cancelable	applied	applied	204	7c259c770b97d28fa9715eba5c6f27659a6d80082b6528658486aa5c2c2ac987
cancel-after-nc	refused	reverted	210	6e656d57cb2f0d4abc4bf97351d747a81e6cb150585e2c8eb88e9139bb862959
create-with-authority	applied	applied	216	460a5b2d4b9f375c18b22c4ed38076db717111b0dd2558bcaa44b2364fed6787
cancel-by-creator-not-authority	refused	reverted	222	f5b4c927073cac48ef18df5022c19f550e23c359dd4a15a7543758c18e9394a5
cancel-by-authority	applied	applied	228	897ce377086a16af3726084db9f3c97fe68b08b78254a45a32ce74176947c829
batch-8	applied	applied	234	dc2c81df7e0b80331be308dc899be2132257c8f82e8b5a52269b86f11afe6a79
# check ok: batch holding funded with 8 x 600 = 4800
batch-claim-0	applied	applied	240	faaeb140d871bf2785e582f73adcaff1fd8afc6501951189f5b2348af6dae5d6
batch-cancel-1	applied	applied	246	58584b34ebf3336577a4ac36ac3de24ae88c2b946b9dd883c2827e86378d1885
# check ok: batch holding lost only schedule 0's claim and schedule 1's refund = 4210
create-for-private	applied	applied	252	b1f9c6f86e533a6d70ca1f039a04c732b7876993fdf70da35422648155655061
claim-private-native	applied	applied	339	4bb80e79382d25e49f380a5b769496a9189ee32cd23c1e6d3a5dff132ee587c3
# check ok: private native claim recorded on the schedule = 250
# check ok: the wallet decrypted the native claim into the shielded account = 250
create-token-for-private	applied	applied	345	4c454789e694e558ae91d647dd81ec6e0aa6b7e7629c4c2497cf5d0d9b8b1054
claim-private-token	applied	applied	444	71b4ec56dd347f0cf6353a17520492779d609aa0f45ef59d2db0b3b4e4612f72
# check ok: private token claim recorded on the schedule = 5000
# check ok: the wallet decrypted the token claim into the shielded account = 5000
batch-450	applied	applied	450	30879d0f580df0464abf8b2aca8332700f3efb46ac70d52427ae3dea93d2fe13
batch-451	refused	reverted	460	a2b2839ea16a4884fd6c17622f396170c27bdfcecb6b1ef0903890803c7aaecb
claim-in-the-future	refused	reverted	470	38ebef5776e0e8b095b739f2fa21b29bf9afc94f6c9c5293e972f87ef9a1b452
# final 74fLqwearMTNaEkyDKtvFLPpcYA51N3Qka8LwvoiCdgP EAkwPsUMwyKivN6KGkLAMUDMaZM929QiR9o7X3Z342tR 81348ab0fdf78ddfce62a80e74b1f9191c3ad33290ac3cd80f314c32da768da6
# final ByZ7LapNrH7SBsnQiwqkThBPfBgFdzcKBtgGoSncAxEp 11111111111111111111111111111111 13427ecc655ac9357547a8b740d48b3cbc7f526e9103d0d740a802168726c4db
# final 5YoCAL1LwuWSStgZXmVt8vyqdjhroSdpNS4b24jqhp8r EAkwPsUMwyKivN6KGkLAMUDMaZM929QiR9o7X3Z342tR 1e735eda2cbc92df8b11323cd4ce91596d38f06295114dc3f92babdf2aa19b0b
# final DyXrrESPWyGew6fayBUwZ35ZnnezuTSY3Xq7rPVEMmU9 11111111111111111111111111111111 e3b0c44298fc1c149afbf4c8996fb92427ae41e4649b934ca495991b7852b855
# final BxvgYBKnpB3nbzKmag6ntCBGHZqTcTwaMN5AtqxvqLZt EAkwPsUMwyKivN6KGkLAMUDMaZM929QiR9o7X3Z342tR 5c50416c557df0d5c6e125f7d2fc8f64762ed4bc7704b389b4f7ba8e7a27e8cd
# final AG95kQ9EjWEiYRvopjdV3ScDeGqTkL54cNKTh24N1K51 AxDdLwqkWgR9qaSctvABV1ZtvWJJyzXB8199xZueifPj 7f101ad69f86f87a27199e9d4dfb4a658da4d99c68e79960d97fea63fc6a61ca
# final 3EaQy8kaLcSsw9fdGH9bK7p6JsCUPHsN8dfacaBHywRJ EAkwPsUMwyKivN6KGkLAMUDMaZM929QiR9o7X3Z342tR a8f219a439e2d71542d1d360394fcf54d40ea368aa4a613c01b5be086cb5a107
# final 75Hpi8b1ymYq6bBctVi7iD7Fu1mQ9WTnPxCEAGi1eATG 11111111111111111111111111111111 d5d2305cf2f2c48681cd8e8ec2b1ca1f21aefd5fe742051326b03eea87b2349f
# final AYzgf8hFjtVykAkYFydHhM9shCy28rnY6HV99mEf1Vxt EAkwPsUMwyKivN6KGkLAMUDMaZM929QiR9o7X3Z342tR b6b2c7079357d8257d4c2a72e500324d1a093f59fa1a5004c928595316cef924
# final 3vjTaZTLeaeqzs5pDS9th2vKQq2dou9qHy2G2GprMfgw 11111111111111111111111111111111 e3b0c44298fc1c149afbf4c8996fb92427ae41e4649b934ca495991b7852b855
# final 9dkkDge3fFFTHpNNnnpyXt9BmfYC4is7umbkLB4NtKWk EAkwPsUMwyKivN6KGkLAMUDMaZM929QiR9o7X3Z342tR 8f3cd1fd2ac860d158921b2d6ec03fb3e32e5c344eea633eb9396a12890def4f
# final 3yrbReGVFnZS1jFcqpV4bXBNFS3EweiYWw1jxbAs4ftX 11111111111111111111111111111111 0c2e5f0a2a6013cbaa1316a236985b2a11457af678a56bc618b5105bf7f47dc3
# final DWs1b3Q5cjfQH3QouRQG7zWW2hmQwuK6fAVgZf5D6HAc EAkwPsUMwyKivN6KGkLAMUDMaZM929QiR9o7X3Z342tR 5a047cd022c348a4166947c04c45ae0749a8cc06232805cbc45d1eec539b70b9
# final 6eRDe6JwSs56YxPPazHWmcoKTujUT9pfM5rNXHXTPz5Y 11111111111111111111111111111111 a5ab8eeccee4d309acd5aa8f8decd32bc3be5f33129c26a2c74c4d0fc1caddc4
# final FL9wdHPVCnbuZSZ6eBw9QgTAxrLYaMAZRmt2R96HhDD EAkwPsUMwyKivN6KGkLAMUDMaZM929QiR9o7X3Z342tR 8dc50e0e8a50f8f9742fa781e9b4f950ccd322baf3a11577c91099a2ae118f21
# final HDyWsiLYGUJh5y5VrWkzygFRVNYX8Vws89iGdE2VRAR5 11111111111111111111111111111111 fef7a8540815138627397b079abcfeb3bd57b7c895f07549d621cb937ca35e47
# final FFxXiT1i7YZuU8cV79RNacntvBH21rfJUiCfbutiE6mh EAkwPsUMwyKivN6KGkLAMUDMaZM929QiR9o7X3Z342tR 41bb68f7d066a73f64859438dfbb5848e099d6d75744b27f6996846ac77c352e
# final HDyWsiLYGUJh5y5VrWkzygFRVNYX8Vws89iGdE2VRAR5 11111111111111111111111111111111 fef7a8540815138627397b079abcfeb3bd57b7c895f07549d621cb937ca35e47
# final 5mNsLcxMwv73J7qyrPK7hju9y6d35Yf2CRitGvb6DCSi EAkwPsUMwyKivN6KGkLAMUDMaZM929QiR9o7X3Z342tR 1d1bc369a97e56d0175ff69a5fbb0c5ca0f470683815baeb4aa40864de47af73
# final HySit7EZy9S3MrUFKA94xFAajwqp2xdBXzCiUUwp2xQS 11111111111111111111111111111111 e3b0c44298fc1c149afbf4c8996fb92427ae41e4649b934ca495991b7852b855
# final D9qDyfuEkZ52NciDd4ryRXLEvUsSyJUodU55WNoVmmB8 EAkwPsUMwyKivN6KGkLAMUDMaZM929QiR9o7X3Z342tR 07ef305c95e525c6358f07fc0a19152e44ea36708cdc55c52e45b0417ae15299
# final 7J539n8zasrMKAA8kTGZL5MpCa5ZaHTNerkVA2MJ2Ksb AxDdLwqkWgR9qaSctvABV1ZtvWJJyzXB8199xZueifPj 27ae6fedebf318de95784d0d6fea2de18ec81f8347f6e70541b21888dedfa9d9
